ID,Name,Concentration
1,Ala1B,10.25
2,Ala2,1.95
3,Arg2,15.00
4,Arg3,2.01
5,Arg4,2.74
6,Arg5,1.23
7,Asn,3.77
8,Asp1,7.56
9,Cys,5.01
10,Gln1,2.41
11,Gln2,2.78
12,Glu2,14.88
13,Gly1,3.375
14,Gly2,3.375
15,Gly3,13.76
16,His,2.02
17,Ile1,8.22
18,Ile2,2.74
19,Leu1,14.11
20,Leu2,2.97
21,Leu3,2.10
22,Leu4,6.04
23,Leu5,3.57
24,Lys,6.08
25,Metm,2.23
26,Phe,3.27
27,Pro1,2.84
28,Pro2,2.27
29,Pro3,1.83
30,Ser1,4.09
31,Ser2,1.09
32,Ser3,4.44
33,Ser5,2.41
34,Thr1,0.32
35,Thr2,1.71
36,Thr3,3.46
37,Thr4,2.89
38,Trp,2.98
39,Tyr1,2.43
40,Tyr2,3.98
41,Val1,12.12
42,Val2A,1.99
43,Val2B,2.00
